,when_index,start_acc,end_acc,actual_hz,clip,frame,frame_file,source_file
0,1,0,0,2.14071428571,0,1,C:/Users/ibshi/Desktop/startup.ml/video_stuff/accident_videos/png/image1_0.png,acc01_0.avi
0,1,0,0,2.14071428571,0,2,C:/Users/ibshi/Desktop/startup.ml/video_stuff/accident_videos/png/image1_14.png,acc01_0.avi
0,1,0,0,2.14071428571,0,3,C:/Users/ibshi/Desktop/startup.ml/video_stuff/accident_videos/png/image1_28.png,acc01_0.avi
0,1,0,0,2.14071428571,0,4,C:/Users/ibshi/Desktop/startup.ml/video_stuff/accident_videos/png/image1_42.png,acc01_0.avi
0,1,0,0,2.14071428571,0,5,C:/Users/ibshi/Desktop/startup.ml/video_stuff/accident_videos/png/image1_56.png,acc01_0.avi
0,1,0,0,2.14071428571,0,6,C:/Users/ibshi/Desktop/startup.ml/video_stuff/accident_videos/png/image1_70.png,acc01_0.avi
0,1,0,0,2.14071428571,0,7,C:/Users/ibshi/Desktop/startup.ml/video_stuff/accident_videos/png/image1_84.png,acc01_0.avi
0,1,0,0,2.14071428571,0,8,C:/Users/ibshi/Desktop/startup.ml/video_stuff/accident_videos/png/image1_98.png,acc01_0.avi
0,1,1,0,2.14071428571,0,9,C:/Users/ibshi/Desktop/startup.ml/video_stuff/accident_videos/png/image1_112.png,acc01_0.avi
0,1,0,0,2.14071428571,0,10,C:/Users/ibshi/Desktop/startup.ml/video_stuff/accident_videos/png/image1_126.png,acc01_0.avi
0,1,0,0,2.14071428571,0,1,C:/Users/ibshi/Desktop/startup.ml/video_stuff/accident_videos/png/image2_0.png,acc02_0.avi
0,1,0,0,2.14071428571,0,2,C:/Users/ibshi/Desktop/startup.ml/video_stuff/accident_videos/png/image2_14.png,acc02_0.avi
0,1,0,0,2.14071428571,0,3,C:/Users/ibshi/Desktop/startup.ml/video_stuff/accident_videos/png/image2_28.png,acc02_0.avi
0,1,0,0,2.14071428571,0,4,C:/Users/ibshi/Desktop/startup.ml/video_stuff/accident_videos/png/image2_42.png,acc02_0.avi
0,1,0,0,2.14071428571,0,5,C:/Users/ibshi/Desktop/startup.ml/video_stuff/accident_videos/png/image2_56.png,acc02_0.avi
0,1,0,0,2.14071428571,0,6,C:/Users/ibshi/Desktop/startup.ml/video_stuff/accident_videos/png/image2_70.png,acc02_0.avi
0,1,0,0,2.14071428571,0,7,C:/Users/ibshi/Desktop/startup.ml/video_stuff/accident_videos/png/image2_84.png,acc02_0.avi
0,1,1,0,2.14071428571,0,8,C:/Users/ibshi/Desktop/startup.ml/video_stuff/accident_videos/png/image2_98.png,acc02_0.avi
0,1,0,0,2.14071428571,0,9,C:/Users/ibshi/Desktop/startup.ml/video_stuff/accident_videos/png/image2_112.png,acc02_0.avi
0,1,0,1,2.14071428571,0,10,C:/Users/ibshi/Desktop/startup.ml/video_stuff/accident_videos/png/image2_126.png,acc02_0.avi
0,1,0,0,2.08333333333,0,1,C:/Users/ibshi/Desktop/startup.ml/video_stuff/accident_videos/png/image3_0.png,acc03_0.avi
0,1,0,0,2.08333333333,0,2,C:/Users/ibshi/Desktop/startup.ml/video_stuff/accident_videos/png/image3_12.png,acc03_0.avi
0,1,0,0,2.08333333333,0,3,C:/Users/ibshi/Desktop/startup.ml/video_stuff/accident_videos/png/image3_24.png,acc03_0.avi
0,1,1,0,2.08333333333,0,4,C:/Users/ibshi/Desktop/startup.ml/video_stuff/accident_videos/png/image3_36.png,acc03_0.avi
0,1,0,0,2.08333333333,0,5,C:/Users/ibshi/Desktop/startup.ml/video_stuff/accident_videos/png/image3_48.png,acc03_0.avi
0,1,0,0,2.08333333333,0,6,C:/Users/ibshi/Desktop/startup.ml/video_stuff/accident_videos/png/image3_60.png,acc03_0.avi
0,1,0,0,2.08333333333,0,7,C:/Users/ibshi/Desktop/startup.ml/video_stuff/accident_videos/png/image3_72.png,acc03_0.avi
0,1,0,0,2.08333333333,0,8,C:/Users/ibshi/Desktop/startup.ml/video_stuff/accident_videos/png/image3_84.png,acc03_0.avi
0,1,0,0,2.08333333333,0,9,C:/Users/ibshi/Desktop/startup.ml/video_stuff/accident_videos/png/image3_96.png,acc03_0.avi
0,1,0,0,2.08333333333,0,10,C:/Users/ibshi/Desktop/startup.ml/video_stuff/accident_videos/png/image3_108.png,acc03_0.avi
0,1,0,0,2.08333333333,0,1,C:/Users/ibshi/Desktop/startup.ml/video_stuff/accident_videos/png/image4_0.png,acc04_0.avi
0,1,0,0,2.08333333333,0,2,C:/Users/ibshi/Desktop/startup.ml/video_stuff/accident_videos/png/image4_12.png,acc04_0.avi
0,1,0,0,2.08333333333,0,3,C:/Users/ibshi/Desktop/startup.ml/video_stuff/accident_videos/png/image4_24.png,acc04_0.avi
0,1,1,0,2.08333333333,0,4,C:/Users/ibshi/Desktop/startup.ml/video_stuff/accident_videos/png/image4_36.png,acc04_0.avi
0,1,0,0,2.08333333333,0,5,C:/Users/ibshi/Desktop/startup.ml/video_stuff/accident_videos/png/image4_48.png,acc04_0.avi
0,1,0,0,2.08333333333,0,6,C:/Users/ibshi/Desktop/startup.ml/video_stuff/accident_videos/png/image4_60.png,acc04_0.avi
0,1,0,0,2.08333333333,0,7,C:/Users/ibshi/Desktop/startup.ml/video_stuff/accident_videos/png/image4_72.png,acc04_0.avi
0,1,0,0,2.08333333333,0,8,C:/Users/ibshi/Desktop/startup.ml/video_stuff/accident_videos/png/image4_84.png,acc04_0.avi
0,1,0,0,2.08333333333,0,9,C:/Users/ibshi/Desktop/startup.ml/video_stuff/accident_videos/png/image4_96.png,acc04_0.avi
0,1,0,0,2.08333333333,0,10,C:/Users/ibshi/Desktop/startup.ml/video_stuff/accident_videos/png/image4_108.png,acc04_0.avi
0,1,0,0,2.14071428571,0,1,C:/Users/ibshi/Desktop/startup.ml/video_stuff/accident_videos/png/image5_0.png,acc05_0.avi
0,1,0,0,2.14071428571,0,2,C:/Users/ibshi/Desktop/startup.ml/video_stuff/accident_videos/png/image5_14.png,acc05_0.avi
0,1,0,0,2.14071428571,0,3,C:/Users/ibshi/Desktop/startup.ml/video_stuff/accident_videos/png/image5_28.png,acc05_0.avi
0,1,0,0,2.14071428571,0,4,C:/Users/ibshi/Desktop/startup.ml/video_stuff/accident_videos/png/image5_42.png,acc05_0.avi
0,1,1,0,2.14071428571,0,5,C:/Users/ibshi/Desktop/startup.ml/video_stuff/accident_videos/png/image5_56.png,acc05_0.avi
0,1,0,0,2.14071428571,0,6,C:/Users/ibshi/Desktop/startup.ml/video_stuff/accident_videos/png/image5_70.png,acc05_0.avi
0,1,0,0,2.14071428571,0,7,C:/Users/ibshi/Desktop/startup.ml/video_stuff/accident_videos/png/image5_84.png,acc05_0.avi
0,1,0,0,2.14071428571,0,8,C:/Users/ibshi/Desktop/startup.ml/video_stuff/accident_videos/png/image5_98.png,acc05_0.avi
0,1,0,0,2.14071428571,0,9,C:/Users/ibshi/Desktop/startup.ml/video_stuff/accident_videos/png/image5_112.png,acc05_0.avi
0,1,0,0,2.14071428571,0,10,C:/Users/ibshi/Desktop/startup.ml/video_stuff/accident_videos/png/image5_126.png,acc05_0.avi
0,1,0,0,2.08333333333,0,1,C:/Users/ibshi/Desktop/startup.ml/video_stuff/accident_videos/png/image6_0.png,acc06_0.avi
0,1,0,0,2.08333333333,0,2,C:/Users/ibshi/Desktop/startup.ml/video_stuff/accident_videos/png/image6_12.png,acc06_0.avi
0,1,0,0,2.08333333333,0,3,C:/Users/ibshi/Desktop/startup.ml/video_stuff/accident_videos/png/image6_24.png,acc06_0.avi
0,1,1,0,2.08333333333,0,4,C:/Users/ibshi/Desktop/startup.ml/video_stuff/accident_videos/png/image6_36.png,acc06_0.avi
0,1,0,0,2.08333333333,0,5,C:/Users/ibshi/Desktop/startup.ml/video_stuff/accident_videos/png/image6_48.png,acc06_0.avi
0,1,0,0,2.08333333333,0,6,C:/Users/ibshi/Desktop/startup.ml/video_stuff/accident_videos/png/image6_60.png,acc06_0.avi
0,1,0,0,2.08333333333,0,7,C:/Users/ibshi/Desktop/startup.ml/video_stuff/accident_videos/png/image6_72.png,acc06_0.avi
0,1,0,0,2.08333333333,0,8,C:/Users/ibshi/Desktop/startup.ml/video_stuff/accident_videos/png/image6_84.png,acc06_0.avi
0,1,0,0,2.08333333333,0,9,C:/Users/ibshi/Desktop/startup.ml/video_stuff/accident_videos/png/image6_96.png,acc06_0.avi
0,1,0,0,2.08333333333,0,10,C:/Users/ibshi/Desktop/startup.ml/video_stuff/accident_videos/png/image6_108.png,acc06_0.avi
0,1,0,0,2.08333333333,0,1,C:/Users/ibshi/Desktop/startup.ml/video_stuff/accident_videos/png/image7_0.png,acc07_0.avi
0,1,0,0,2.08333333333,0,2,C:/Users/ibshi/Desktop/startup.ml/video_stuff/accident_videos/png/image7_12.png,acc07_0.avi
0,1,0,0,2.08333333333,0,3,C:/Users/ibshi/Desktop/startup.ml/video_stuff/accident_videos/png/image7_24.png,acc07_0.avi
0,1,0,0,2.08333333333,0,4,C:/Users/ibshi/Desktop/startup.ml/video_stuff/accident_videos/png/image7_36.png,acc07_0.avi
0,1,0,0,2.08333333333,0,5,C:/Users/ibshi/Desktop/startup.ml/video_stuff/accident_videos/png/image7_48.png,acc07_0.avi
0,1,0,0,2.08333333333,0,6,C:/Users/ibshi/Desktop/startup.ml/video_stuff/accident_videos/png/image7_60.png,acc07_0.avi
0,1,1,0,2.08333333333,0,7,C:/Users/ibshi/Desktop/startup.ml/video_stuff/accident_videos/png/image7_72.png,acc07_0.avi
0,1,0,0,2.08333333333,0,8,C:/Users/ibshi/Desktop/startup.ml/video_stuff/accident_videos/png/image7_84.png,acc07_0.avi
0,1,0,0,2.08333333333,0,9,C:/Users/ibshi/Desktop/startup.ml/video_stuff/accident_videos/png/image7_96.png,acc07_0.avi
0,1,0,0,2.08333333333,0,10,C:/Users/ibshi/Desktop/startup.ml/video_stuff/accident_videos/png/image7_108.png,acc07_0.avi
0,1,0,0,2.08333333333,0,1,C:/Users/ibshi/Desktop/startup.ml/video_stuff/accident_videos/png/image8_0.png,acc08_0.avi
0,1,0,0,2.08333333333,0,2,C:/Users/ibshi/Desktop/startup.ml/video_stuff/accident_videos/png/image8_12.png,acc08_0.avi
0,1,0,0,2.08333333333,0,3,C:/Users/ibshi/Desktop/startup.ml/video_stuff/accident_videos/png/image8_24.png,acc08_0.avi
0,1,0,0,2.08333333333,0,4,C:/Users/ibshi/Desktop/startup.ml/video_stuff/accident_videos/png/image8_36.png,acc08_0.avi
0,1,0,0,2.08333333333,0,5,C:/Users/ibshi/Desktop/startup.ml/video_stuff/accident_videos/png/image8_48.png,acc08_0.avi
0,1,0,0,2.08333333333,0,6,C:/Users/ibshi/Desktop/startup.ml/video_stuff/accident_videos/png/image8_60.png,acc08_0.avi
0,1,0,0,2.08333333333,0,7,C:/Users/ibshi/Desktop/startup.ml/video_stuff/accident_videos/png/image8_72.png,acc08_0.avi
0,1,1,0,2.08333333333,0,8,C:/Users/ibshi/Desktop/startup.ml/video_stuff/accident_videos/png/image8_84.png,acc08_0.avi
0,1,0,0,2.08333333333,0,9,C:/Users/ibshi/Desktop/startup.ml/video_stuff/accident_videos/png/image8_96.png,acc08_0.avi
0,1,0,0,2.08333333333,0,10,C:/Users/ibshi/Desktop/startup.ml/video_stuff/accident_videos/png/image8_108.png,acc08_0.avi
0,1,0,0,2.08333333333,0,1,C:/Users/ibshi/Desktop/startup.ml/video_stuff/accident_videos/png/image9_0.png,acc09_0.avi
0,1,0,0,2.08333333333,0,2,C:/Users/ibshi/Desktop/startup.ml/video_stuff/accident_videos/png/image9_12.png,acc09_0.avi
0,1,0,0,2.08333333333,0,3,C:/Users/ibshi/Desktop/startup.ml/video_stuff/accident_videos/png/image9_24.png,acc09_0.avi
0,1,1,0,2.08333333333,0,4,C:/Users/ibshi/Desktop/startup.ml/video_stuff/accident_videos/png/image9_36.png,acc09_0.avi
0,1,0,0,2.08333333333,0,5,C:/Users/ibshi/Desktop/startup.ml/video_stuff/accident_videos/png/image9_48.png,acc09_0.avi
0,1,0,0,2.08333333333,0,6,C:/Users/ibshi/Desktop/startup.ml/video_stuff/accident_videos/png/image9_60.png,acc09_0.avi
0,1,0,0,2.08333333333,0,7,C:/Users/ibshi/Desktop/startup.ml/video_stuff/accident_videos/png/image9_72.png,acc09_0.avi
0,1,0,0,2.08333333333,0,8,C:/Users/ibshi/Desktop/startup.ml/video_stuff/accident_videos/png/image9_84.png,acc09_0.avi
0,1,0,0,2.08333333333,0,9,C:/Users/ibshi/Desktop/startup.ml/video_stuff/accident_videos/png/image9_96.png,acc09_0.avi
0,1,0,0,2.08333333333,0,10,C:/Users/ibshi/Desktop/startup.ml/video_stuff/accident_videos/png/image9_108.png,acc09_0.avi
0,1,0,0,2.08333333333,0,1,C:/Users/ibshi/Desktop/startup.ml/video_stuff/accident_videos/png/image10_0.png,acc10_0.avi
0,1,0,0,2.08333333333,0,2,C:/Users/ibshi/Desktop/startup.ml/video_stuff/accident_videos/png/image10_12.png,acc10_0.avi
0,1,1,0,2.08333333333,0,3,C:/Users/ibshi/Desktop/startup.ml/video_stuff/accident_videos/png/image10_24.png,acc10_0.avi
0,1,0,0,2.08333333333,0,4,C:/Users/ibshi/Desktop/startup.ml/video_stuff/accident_videos/png/image10_36.png,acc10_0.avi
0,1,0,0,2.08333333333,0,5,C:/Users/ibshi/Desktop/startup.ml/video_stuff/accident_videos/png/image10_48.png,acc10_0.avi
0,1,0,0,2.08333333333,0,6,C:/Users/ibshi/Desktop/startup.ml/video_stuff/accident_videos/png/image10_60.png,acc10_0.avi
0,1,0,0,2.08333333333,0,7,C:/Users/ibshi/Desktop/startup.ml/video_stuff/accident_videos/png/image10_72.png,acc10_0.avi
0,1,0,0,2.08333333333,0,8,C:/Users/ibshi/Desktop/startup.ml/video_stuff/accident_videos/png/image10_84.png,acc10_0.avi
0,1,0,0,2.08333333333,0,9,C:/Users/ibshi/Desktop/startup.ml/video_stuff/accident_videos/png/image10_96.png,acc10_0.avi
0,1,0,0,2.08333333333,0,10,C:/Users/ibshi/Desktop/startup.ml/video_stuff/accident_videos/png/image10_108.png,acc10_0.avi
0,1,0,0,2.08333333333,0,1,C:/Users/ibshi/Desktop/startup.ml/video_stuff/accident_videos/png/image11_0.png,acc11_0.avi
0,1,0,0,2.08333333333,0,2,C:/Users/ibshi/Desktop/startup.ml/video_stuff/accident_videos/png/image11_12.png,acc11_0.avi
0,1,0,0,2.08333333333,0,3,C:/Users/ibshi/Desktop/startup.ml/video_stuff/accident_videos/png/image11_24.png,acc11_0.avi
0,1,0,0,2.08333333333,0,4,C:/Users/ibshi/Desktop/startup.ml/video_stuff/accident_videos/png/image11_36.png,acc11_0.avi
0,1,1,0,2.08333333333,0,5,C:/Users/ibshi/Desktop/startup.ml/video_stuff/accident_videos/png/image11_48.png,acc11_0.avi
0,1,0,0,2.08333333333,0,6,C:/Users/ibshi/Desktop/startup.ml/video_stuff/accident_videos/png/image11_60.png,acc11_0.avi
0,1,0,0,2.08333333333,0,7,C:/Users/ibshi/Desktop/startup.ml/video_stuff/accident_videos/png/image11_72.png,acc11_0.avi
0,1,0,0,2.08333333333,0,8,C:/Users/ibshi/Desktop/startup.ml/video_stuff/accident_videos/png/image11_84.png,acc11_0.avi
0,1,0,0,2.08333333333,0,9,C:/Users/ibshi/Desktop/startup.ml/video_stuff/accident_videos/png/image11_96.png,acc11_0.avi
0,1,0,0,2.08333333333,0,10,C:/Users/ibshi/Desktop/startup.ml/video_stuff/accident_videos/png/image11_108.png,acc11_0.avi
0,1,0,0,2.08333333333,0,1,C:/Users/ibshi/Desktop/startup.ml/video_stuff/accident_videos/png/image12_0.png,acc12_0.avi
0,1,0,0,2.08333333333,0,2,C:/Users/ibshi/Desktop/startup.ml/video_stuff/accident_videos/png/image12_12.png,acc12_0.avi
0,1,0,0,2.08333333333,0,3,C:/Users/ibshi/Desktop/startup.ml/video_stuff/accident_videos/png/image12_24.png,acc12_0.avi
0,1,0,0,2.08333333333,0,4,C:/Users/ibshi/Desktop/startup.ml/video_stuff/accident_videos/png/image12_36.png,acc12_0.avi
0,1,0,0,2.08333333333,0,5,C:/Users/ibshi/Desktop/startup.ml/video_stuff/accident_videos/png/image12_48.png,acc12_0.avi
0,1,0,0,2.08333333333,0,6,C:/Users/ibshi/Desktop/startup.ml/video_stuff/accident_videos/png/image12_60.png,acc12_0.avi
0,1,0,0,2.08333333333,0,7,C:/Users/ibshi/Desktop/startup.ml/video_stuff/accident_videos/png/image12_72.png,acc12_0.avi
0,1,0,0,2.08333333333,0,8,C:/Users/ibshi/Desktop/startup.ml/video_stuff/accident_videos/png/image12_84.png,acc12_0.avi
0,1,1,0,2.08333333333,0,9,C:/Users/ibshi/Desktop/startup.ml/video_stuff/accident_videos/png/image12_96.png,acc12_0.avi
0,1,0,0,2.08333333333,0,10,C:/Users/ibshi/Desktop/startup.ml/video_stuff/accident_videos/png/image12_108.png,acc12_0.avi
0,1,0,0,2.08333333333,0,1,C:/Users/ibshi/Desktop/startup.ml/video_stuff/accident_videos/png/image13_0.png,acc13_0.avi
0,1,0,0,2.08333333333,0,2,C:/Users/ibshi/Desktop/startup.ml/video_stuff/accident_videos/png/image13_12.png,acc13_0.avi
0,1,0,0,2.08333333333,0,3,C:/Users/ibshi/Desktop/startup.ml/video_stuff/accident_videos/png/image13_24.png,acc13_0.avi
0,1,0,0,2.08333333333,0,4,C:/Users/ibshi/Desktop/startup.ml/video_stuff/accident_videos/png/image13_36.png,acc13_0.avi
0,1,0,0,2.08333333333,0,5,C:/Users/ibshi/Desktop/startup.ml/video_stuff/accident_videos/png/image13_48.png,acc13_0.avi
0,1,0,0,2.08333333333,0,6,C:/Users/ibshi/Desktop/startup.ml/video_stuff/accident_videos/png/image13_60.png,acc13_0.avi
0,1,0,0,2.08333333333,0,7,C:/Users/ibshi/Desktop/startup.ml/video_stuff/accident_videos/png/image13_72.png,acc13_0.avi
0,1,1,0,2.08333333333,0,8,C:/Users/ibshi/Desktop/startup.ml/video_stuff/accident_videos/png/image13_84.png,acc13_0.avi
0,1,0,0,2.08333333333,0,9,C:/Users/ibshi/Desktop/startup.ml/video_stuff/accident_videos/png/image13_96.png,acc13_0.avi
0,1,0,1,2.08333333333,0,10,C:/Users/ibshi/Desktop/startup.ml/video_stuff/accident_videos/png/image13_108.png,acc13_0.avi
0,1,0,0,2.08333333333,0,1,C:/Users/ibshi/Desktop/startup.ml/video_stuff/accident_videos/png/image14_0.png,acc14_0.avi
0,1,0,0,2.08333333333,0,2,C:/Users/ibshi/Desktop/startup.ml/video_stuff/accident_videos/png/image14_12.png,acc14_0.avi
0,1,0,0,2.08333333333,0,3,C:/Users/ibshi/Desktop/startup.ml/video_stuff/accident_videos/png/image14_24.png,acc14_0.avi
0,1,1,0,2.08333333333,0,4,C:/Users/ibshi/Desktop/startup.ml/video_stuff/accident_videos/png/image14_36.png,acc14_0.avi
0,1,0,0,2.08333333333,0,5,C:/Users/ibshi/Desktop/startup.ml/video_stuff/accident_videos/png/image14_48.png,acc14_0.avi
0,1,0,0,2.08333333333,0,6,C:/Users/ibshi/Desktop/startup.ml/video_stuff/accident_videos/png/image14_60.png,acc14_0.avi
0,1,0,0,2.08333333333,0,7,C:/Users/ibshi/Desktop/startup.ml/video_stuff/accident_videos/png/image14_72.png,acc14_0.avi
0,1,0,0,2.08333333333,0,8,C:/Users/ibshi/Desktop/startup.ml/video_stuff/accident_videos/png/image14_84.png,acc14_0.avi
0,1,0,0,2.08333333333,0,9,C:/Users/ibshi/Desktop/startup.ml/video_stuff/accident_videos/png/image14_96.png,acc14_0.avi
0,1,0,0,2.08333333333,0,10,C:/Users/ibshi/Desktop/startup.ml/video_stuff/accident_videos/png/image14_108.png,acc14_0.avi
0,1,0,0,2.08333333333,0,1,C:/Users/ibshi/Desktop/startup.ml/video_stuff/accident_videos/png/image15_0.png,acc15_0.avi
0,1,0,0,2.08333333333,0,2,C:/Users/ibshi/Desktop/startup.ml/video_stuff/accident_videos/png/image15_12.png,acc15_0.avi
0,1,0,0,2.08333333333,0,3,C:/Users/ibshi/Desktop/startup.ml/video_stuff/accident_videos/png/image15_24.png,acc15_0.avi
0,1,0,0,2.08333333333,0,4,C:/Users/ibshi/Desktop/startup.ml/video_stuff/accident_videos/png/image15_36.png,acc15_0.avi
0,1,1,0,2.08333333333,0,5,C:/Users/ibshi/Desktop/startup.ml/video_stuff/accident_videos/png/image15_48.png,acc15_0.avi
0,1,0,0,2.08333333333,0,6,C:/Users/ibshi/Desktop/startup.ml/video_stuff/accident_videos/png/image15_60.png,acc15_0.avi
0,1,0,0,2.08333333333,0,7,C:/Users/ibshi/Desktop/startup.ml/video_stuff/accident_videos/png/image15_72.png,acc15_0.avi
0,1,0,0,2.08333333333,0,8,C:/Users/ibshi/Desktop/startup.ml/video_stuff/accident_videos/png/image15_84.png,acc15_0.avi
0,1,0,0,2.08333333333,0,9,C:/Users/ibshi/Desktop/startup.ml/video_stuff/accident_videos/png/image15_96.png,acc15_0.avi
0,1,0,0,2.08333333333,0,10,C:/Users/ibshi/Desktop/startup.ml/video_stuff/accident_videos/png/image15_108.png,acc15_0.avi
0,1,0,0,2.08333333333,0,1,C:/Users/ibshi/Desktop/startup.ml/video_stuff/accident_videos/png/image16_0.png,acc16_0.avi
0,1,0,0,2.08333333333,0,2,C:/Users/ibshi/Desktop/startup.ml/video_stuff/accident_videos/png/image16_12.png,acc16_0.avi
0,1,0,0,2.08333333333,0,3,C:/Users/ibshi/Desktop/startup.ml/video_stuff/accident_videos/png/image16_24.png,acc16_0.avi
0,1,0,0,2.08333333333,0,4,C:/Users/ibshi/Desktop/startup.ml/video_stuff/accident_videos/png/image16_36.png,acc16_0.avi
0,1,1,0,2.08333333333,0,5,C:/Users/ibshi/Desktop/startup.ml/video_stuff/accident_videos/png/image16_48.png,acc16_0.avi
0,1,0,0,2.08333333333,0,6,C:/Users/ibshi/Desktop/startup.ml/video_stuff/accident_videos/png/image16_60.png,acc16_0.avi
0,1,0,0,2.08333333333,0,7,C:/Users/ibshi/Desktop/startup.ml/video_stuff/accident_videos/png/image16_72.png,acc16_0.avi
0,1,0,0,2.08333333333,0,8,C:/Users/ibshi/Desktop/startup.ml/video_stuff/accident_videos/png/image16_84.png,acc16_0.avi
0,1,0,0,2.08333333333,0,9,C:/Users/ibshi/Desktop/startup.ml/video_stuff/accident_videos/png/image16_96.png,acc16_0.avi
0,1,0,1,2.08333333333,0,10,C:/Users/ibshi/Desktop/startup.ml/video_stuff/accident_videos/png/image16_108.png,acc16_0.avi
0,1,0,0,2.14071428571,0,1,C:/Users/ibshi/Desktop/startup.ml/video_stuff/accident_videos/png/image17_0.png,acc17_0.avi
0,1,0,0,2.14071428571,0,2,C:/Users/ibshi/Desktop/startup.ml/video_stuff/accident_videos/png/image17_14.png,acc17_0.avi
0,1,0,0,2.14071428571,0,3,C:/Users/ibshi/Desktop/startup.ml/video_stuff/accident_videos/png/image17_28.png,acc17_0.avi
0,1,0,0,2.14071428571,0,4,C:/Users/ibshi/Desktop/startup.ml/video_stuff/accident_videos/png/image17_42.png,acc17_0.avi
0,1,0,0,2.14071428571,0,5,C:/Users/ibshi/Desktop/startup.ml/video_stuff/accident_videos/png/image17_56.png,acc17_0.avi
0,1,1,0,2.14071428571,0,6,C:/Users/ibshi/Desktop/startup.ml/video_stuff/accident_videos/png/image17_70.png,acc17_0.avi
0,1,0,0,2.14071428571,0,7,C:/Users/ibshi/Desktop/startup.ml/video_stuff/accident_videos/png/image17_84.png,acc17_0.avi
0,1,0,0,2.14071428571,0,8,C:/Users/ibshi/Desktop/startup.ml/video_stuff/accident_videos/png/image17_98.png,acc17_0.avi
0,1,0,0,2.14071428571,0,9,C:/Users/ibshi/Desktop/startup.ml/video_stuff/accident_videos/png/image17_112.png,acc17_0.avi
0,1,0,0,2.14071428571,0,10,C:/Users/ibshi/Desktop/startup.ml/video_stuff/accident_videos/png/image17_126.png,acc17_0.avi
0,1,0,0,2.14071428571,0,1,C:/Users/ibshi/Desktop/startup.ml/video_stuff/accident_videos/png/image18_0.png,acc18_0.avi
0,1,0,0,2.14071428571,0,2,C:/Users/ibshi/Desktop/startup.ml/video_stuff/accident_videos/png/image18_14.png,acc18_0.avi
0,1,0,0,2.14071428571,0,3,C:/Users/ibshi/Desktop/startup.ml/video_stuff/accident_videos/png/image18_28.png,acc18_0.avi
0,1,0,0,2.14071428571,0,4,C:/Users/ibshi/Desktop/startup.ml/video_stuff/accident_videos/png/image18_42.png,acc18_0.avi
0,1,0,0,2.14071428571,0,5,C:/Users/ibshi/Desktop/startup.ml/video_stuff/accident_videos/png/image18_56.png,acc18_0.avi
0,1,0,0,2.14071428571,0,6,C:/Users/ibshi/Desktop/startup.ml/video_stuff/accident_videos/png/image18_70.png,acc18_0.avi
0,1,0,0,2.14071428571,0,7,C:/Users/ibshi/Desktop/startup.ml/video_stuff/accident_videos/png/image18_84.png,acc18_0.avi
0,1,0,0,2.14071428571,0,8,C:/Users/ibshi/Desktop/startup.ml/video_stuff/accident_videos/png/image18_98.png,acc18_0.avi
0,1,1,0,2.14071428571,0,9,C:/Users/ibshi/Desktop/startup.ml/video_stuff/accident_videos/png/image18_112.png,acc18_0.avi
0,1,0,0,2.14071428571,0,10,C:/Users/ibshi/Desktop/startup.ml/video_stuff/accident_videos/png/image18_126.png,acc18_0.avi
0,1,0,0,2.14071428571,0,1,C:/Users/ibshi/Desktop/startup.ml/video_stuff/accident_videos/png/image19_0.png,acc19_0.avi
0,1,0,0,2.14071428571,0,2,C:/Users/ibshi/Desktop/startup.ml/video_stuff/accident_videos/png/image19_14.png,acc19_0.avi
0,1,0,0,2.14071428571,0,3,C:/Users/ibshi/Desktop/startup.ml/video_stuff/accident_videos/png/image19_28.png,acc19_0.avi
0,1,0,0,2.14071428571,0,4,C:/Users/ibshi/Desktop/startup.ml/video_stuff/accident_videos/png/image19_42.png,acc19_0.avi
0,1,1,0,2.14071428571,0,5,C:/Users/ibshi/Desktop/startup.ml/video_stuff/accident_videos/png/image19_56.png,acc19_0.avi
0,1,0,0,2.14071428571,0,6,C:/Users/ibshi/Desktop/startup.ml/video_stuff/accident_videos/png/image19_70.png,acc19_0.avi
0,1,0,0,2.14071428571,0,7,C:/Users/ibshi/Desktop/startup.ml/video_stuff/accident_videos/png/image19_84.png,acc19_0.avi
0,1,0,0,2.14071428571,0,8,C:/Users/ibshi/Desktop/startup.ml/video_stuff/accident_videos/png/image19_98.png,acc19_0.avi
0,1,0,0,2.14071428571,0,9,C:/Users/ibshi/Desktop/startup.ml/video_stuff/accident_videos/png/image19_112.png,acc19_0.avi
0,1,0,0,2.14071428571,0,10,C:/Users/ibshi/Desktop/startup.ml/video_stuff/accident_videos/png/image19_126.png,acc19_0.avi
0,1,0,0,2.14071428571,0,1,C:/Users/ibshi/Desktop/startup.ml/video_stuff/accident_videos/png/image20_0.png,acc20_0.avi
0,1,0,0,2.14071428571,0,2,C:/Users/ibshi/Desktop/startup.ml/video_stuff/accident_videos/png/image20_14.png,acc20_0.avi
0,1,0,0,2.14071428571,0,3,C:/Users/ibshi/Desktop/startup.ml/video_stuff/accident_videos/png/image20_28.png,acc20_0.avi
0,1,0,0,2.14071428571,0,4,C:/Users/ibshi/Desktop/startup.ml/video_stuff/accident_videos/png/image20_42.png,acc20_0.avi
0,1,1,0,2.14071428571,0,5,C:/Users/ibshi/Desktop/startup.ml/video_stuff/accident_videos/png/image20_56.png,acc20_0.avi
0,1,0,0,2.14071428571,0,6,C:/Users/ibshi/Desktop/startup.ml/video_stuff/accident_videos/png/image20_70.png,acc20_0.avi
0,1,0,0,2.14071428571,0,7,C:/Users/ibshi/Desktop/startup.ml/video_stuff/accident_videos/png/image20_84.png,acc20_0.avi
0,1,0,0,2.14071428571,0,8,C:/Users/ibshi/Desktop/startup.ml/video_stuff/accident_videos/png/image20_98.png,acc20_0.avi
0,1,0,0,2.14071428571,0,9,C:/Users/ibshi/Desktop/startup.ml/video_stuff/accident_videos/png/image20_112.png,acc20_0.avi
0,1,0,0,2.14071428571,0,10,C:/Users/ibshi/Desktop/startup.ml/video_stuff/accident_videos/png/image20_126.png,acc20_0.avi
0,1,0,0,2.14071428571,0,1,C:/Users/ibshi/Desktop/startup.ml/video_stuff/accident_videos/png/image21_0.png,acc21_0.avi
0,1,0,0,2.14071428571,0,2,C:/Users/ibshi/Desktop/startup.ml/video_stuff/accident_videos/png/image21_14.png,acc21_0.avi
0,1,1,0,2.14071428571,0,3,C:/Users/ibshi/Desktop/startup.ml/video_stuff/accident_videos/png/image21_28.png,acc21_0.avi
0,1,0,0,2.14071428571,0,4,C:/Users/ibshi/Desktop/startup.ml/video_stuff/accident_videos/png/image21_42.png,acc21_0.avi
0,1,0,0,2.14071428571,0,5,C:/Users/ibshi/Desktop/startup.ml/video_stuff/accident_videos/png/image21_56.png,acc21_0.avi
0,1,0,0,2.14071428571,0,6,C:/Users/ibshi/Desktop/startup.ml/video_stuff/accident_videos/png/image21_70.png,acc21_0.avi
0,1,0,0,2.14071428571,0,7,C:/Users/ibshi/Desktop/startup.ml/video_stuff/accident_videos/png/image21_84.png,acc21_0.avi
0,1,0,0,2.14071428571,0,8,C:/Users/ibshi/Desktop/startup.ml/video_stuff/accident_videos/png/image21_98.png,acc21_0.avi
0,1,0,0,2.14071428571,0,9,C:/Users/ibshi/Desktop/startup.ml/video_stuff/accident_videos/png/image21_112.png,acc21_0.avi
0,1,0,0,2.14071428571,0,10,C:/Users/ibshi/Desktop/startup.ml/video_stuff/accident_videos/png/image21_126.png,acc21_0.avi
0,1,0,0,2.14071428571,0,1,C:/Users/ibshi/Desktop/startup.ml/video_stuff/accident_videos/png/image22_0.png,acc22_0.avi
0,1,0,0,2.14071428571,0,2,C:/Users/ibshi/Desktop/startup.ml/video_stuff/accident_videos/png/image22_14.png,acc22_0.avi
0,1,0,0,2.14071428571,0,3,C:/Users/ibshi/Desktop/startup.ml/video_stuff/accident_videos/png/image22_28.png,acc22_0.avi
0,1,0,0,2.14071428571,0,4,C:/Users/ibshi/Desktop/startup.ml/video_stuff/accident_videos/png/image22_42.png,acc22_0.avi
0,1,1,0,2.14071428571,0,5,C:/Users/ibshi/Desktop/startup.ml/video_stuff/accident_videos/png/image22_56.png,acc22_0.avi
0,1,0,0,2.14071428571,0,6,C:/Users/ibshi/Desktop/startup.ml/video_stuff/accident_videos/png/image22_70.png,acc22_0.avi
0,1,0,0,2.14071428571,0,7,C:/Users/ibshi/Desktop/startup.ml/video_stuff/accident_videos/png/image22_84.png,acc22_0.avi
0,1,0,0,2.14071428571,0,8,C:/Users/ibshi/Desktop/startup.ml/video_stuff/accident_videos/png/image22_98.png,acc22_0.avi
0,1,0,0,2.14071428571,0,9,C:/Users/ibshi/Desktop/startup.ml/video_stuff/accident_videos/png/image22_112.png,acc22_0.avi
0,1,0,0,2.14071428571,0,10,C:/Users/ibshi/Desktop/startup.ml/video_stuff/accident_videos/png/image22_126.png,acc22_0.avi
0,1,0,0,2.14071428571,0,1,C:/Users/ibshi/Desktop/startup.ml/video_stuff/accident_videos/png/image23_0.png,acc23_0.avi
0,1,1,0,2.14071428571,0,2,C:/Users/ibshi/Desktop/startup.ml/video_stuff/accident_videos/png/image23_14.png,acc23_0.avi
0,1,0,0,2.14071428571,0,3,C:/Users/ibshi/Desktop/startup.ml/video_stuff/accident_videos/png/image23_28.png,acc23_0.avi
0,1,0,0,2.14071428571,0,4,C:/Users/ibshi/Desktop/startup.ml/video_stuff/accident_videos/png/image23_42.png,acc23_0.avi
0,1,0,0,2.14071428571,0,5,C:/Users/ibshi/Desktop/startup.ml/video_stuff/accident_videos/png/image23_56.png,acc23_0.avi
0,1,0,0,2.14071428571,0,6,C:/Users/ibshi/Desktop/startup.ml/video_stuff/accident_videos/png/image23_70.png,acc23_0.avi
0,1,0,0,2.14071428571,0,7,C:/Users/ibshi/Desktop/startup.ml/video_stuff/accident_videos/png/image23_84.png,acc23_0.avi
0,1,0,0,2.14071428571,0,8,C:/Users/ibshi/Desktop/startup.ml/video_stuff/accident_videos/png/image23_98.png,acc23_0.avi
0,1,0,0,2.14071428571,0,9,C:/Users/ibshi/Desktop/startup.ml/video_stuff/accident_videos/png/image23_112.png,acc23_0.avi
0,1,0,0,2.14071428571,0,10,C:/Users/ibshi/Desktop/startup.ml/video_stuff/accident_videos/png/image23_126.png,acc23_0.avi
0,1,0,0,2.08333333333,0,1,C:/Users/ibshi/Desktop/startup.ml/video_stuff/accident_videos/png/image24_0.png,acc24_0.avi
0,1,0,0,2.08333333333,0,2,C:/Users/ibshi/Desktop/startup.ml/video_stuff/accident_videos/png/image24_12.png,acc24_0.avi
0,1,0,0,2.08333333333,0,3,C:/Users/ibshi/Desktop/startup.ml/video_stuff/accident_videos/png/image24_24.png,acc24_0.avi
0,1,0,0,2.08333333333,0,4,C:/Users/ibshi/Desktop/startup.ml/video_stuff/accident_videos/png/image24_36.png,acc24_0.avi
0,1,0,0,2.08333333333,0,5,C:/Users/ibshi/Desktop/startup.ml/video_stuff/accident_videos/png/image24_48.png,acc24_0.avi
0,1,1,0,2.08333333333,0,6,C:/Users/ibshi/Desktop/startup.ml/video_stuff/accident_videos/png/image24_60.png,acc24_0.avi
0,1,0,0,2.08333333333,0,7,C:/Users/ibshi/Desktop/startup.ml/video_stuff/accident_videos/png/image24_72.png,acc24_0.avi
0,1,0,0,2.08333333333,0,8,C:/Users/ibshi/Desktop/startup.ml/video_stuff/accident_videos/png/image24_84.png,acc24_0.avi
0,1,0,1,2.08333333333,0,9,C:/Users/ibshi/Desktop/startup.ml/video_stuff/accident_videos/png/image24_96.png,acc24_0.avi
0,1,0,0,2.08333333333,0,10,C:/Users/ibshi/Desktop/startup.ml/video_stuff/accident_videos/png/image24_108.png,acc24_0.avi
0,1,0,0,2.08333333333,0,1,C:/Users/ibshi/Desktop/startup.ml/video_stuff/accident_videos/png/image25_0.png,acc25_0.avi
0,1,1,0,2.08333333333,0,2,C:/Users/ibshi/Desktop/startup.ml/video_stuff/accident_videos/png/image25_12.png,acc25_0.avi
0,1,0,0,2.08333333333,0,3,C:/Users/ibshi/Desktop/startup.ml/video_stuff/accident_videos/png/image25_24.png,acc25_0.avi
0,1,0,0,2.08333333333,0,4,C:/Users/ibshi/Desktop/startup.ml/video_stuff/accident_videos/png/image25_36.png,acc25_0.avi
0,1,0,0,2.08333333333,0,5,C:/Users/ibshi/Desktop/startup.ml/video_stuff/accident_videos/png/image25_48.png,acc25_0.avi
0,1,0,0,2.08333333333,0,6,C:/Users/ibshi/Desktop/startup.ml/video_stuff/accident_videos/png/image25_60.png,acc25_0.avi
0,1,0,0,2.08333333333,0,7,C:/Users/ibshi/Desktop/startup.ml/video_stuff/accident_videos/png/image25_72.png,acc25_0.avi
0,1,0,0,2.08333333333,0,8,C:/Users/ibshi/Desktop/startup.ml/video_stuff/accident_videos/png/image25_84.png,acc25_0.avi
0,1,0,0,2.08333333333,0,9,C:/Users/ibshi/Desktop/startup.ml/video_stuff/accident_videos/png/image25_96.png,acc25_0.avi
0,1,0,0,2.08333333333,0,10,C:/Users/ibshi/Desktop/startup.ml/video_stuff/accident_videos/png/image25_108.png,acc25_0.avi
0,1,0,0,2.08333333333,0,1,C:/Users/ibshi/Desktop/startup.ml/video_stuff/accident_videos/png/image26_0.png,acc26_0.avi
0,1,1,0,2.08333333333,0,2,C:/Users/ibshi/Desktop/startup.ml/video_stuff/accident_videos/png/image26_12.png,acc26_0.avi
0,1,0,0,2.08333333333,0,3,C:/Users/ibshi/Desktop/startup.ml/video_stuff/accident_videos/png/image26_24.png,acc26_0.avi
0,1,0,0,2.08333333333,0,4,C:/Users/ibshi/Desktop/startup.ml/video_stuff/accident_videos/png/image26_36.png,acc26_0.avi
0,1,0,0,2.08333333333,0,5,C:/Users/ibshi/Desktop/startup.ml/video_stuff/accident_videos/png/image26_48.png,acc26_0.avi
0,1,0,0,2.08333333333,0,6,C:/Users/ibshi/Desktop/startup.ml/video_stuff/accident_videos/png/image26_60.png,acc26_0.avi
0,1,0,0,2.08333333333,0,7,C:/Users/ibshi/Desktop/startup.ml/video_stuff/accident_videos/png/image26_72.png,acc26_0.avi
0,1,0,0,2.08333333333,0,8,C:/Users/ibshi/Desktop/startup.ml/video_stuff/accident_videos/png/image26_84.png,acc26_0.avi
0,1,0,0,2.08333333333,0,9,C:/Users/ibshi/Desktop/startup.ml/video_stuff/accident_videos/png/image26_96.png,acc26_0.avi
0,1,0,0,2.08333333333,0,10,C:/Users/ibshi/Desktop/startup.ml/video_stuff/accident_videos/png/image26_108.png,acc26_0.avi
0,1,0,0,2.08333333333,0,1,C:/Users/ibshi/Desktop/startup.ml/video_stuff/accident_videos/png/image27_0.png,acc27_0.avi
0,1,0,0,2.08333333333,0,2,C:/Users/ibshi/Desktop/startup.ml/video_stuff/accident_videos/png/image27_12.png,acc27_0.avi
0,1,0,0,2.08333333333,0,3,C:/Users/ibshi/Desktop/startup.ml/video_stuff/accident_videos/png/image27_24.png,acc27_0.avi
0,1,0,0,2.08333333333,0,4,C:/Users/ibshi/Desktop/startup.ml/video_stuff/accident_videos/png/image27_36.png,acc27_0.avi
0,1,0,0,2.08333333333,0,5,C:/Users/ibshi/Desktop/startup.ml/video_stuff/accident_videos/png/image27_48.png,acc27_0.avi
0,1,0,0,2.08333333333,0,6,C:/Users/ibshi/Desktop/startup.ml/video_stuff/accident_videos/png/image27_60.png,acc27_0.avi
0,1,1,0,2.08333333333,0,7,C:/Users/ibshi/Desktop/startup.ml/video_stuff/accident_videos/png/image27_72.png,acc27_0.avi
0,1,0,0,2.08333333333,0,8,C:/Users/ibshi/Desktop/startup.ml/video_stuff/accident_videos/png/image27_84.png,acc27_0.avi
0,1,0,0,2.08333333333,0,9,C:/Users/ibshi/Desktop/startup.ml/video_stuff/accident_videos/png/image27_96.png,acc27_0.avi
0,1,0,1,2.08333333333,0,10,C:/Users/ibshi/Desktop/startup.ml/video_stuff/accident_videos/png/image27_108.png,acc27_0.avi
0,1,0,0,2.08333333333,0,1,C:/Users/ibshi/Desktop/startup.ml/video_stuff/accident_videos/png/image28_0.png,acc28_0.avi
0,1,0,0,2.08333333333,0,2,C:/Users/ibshi/Desktop/startup.ml/video_stuff/accident_videos/png/image28_12.png,acc28_0.avi
0,1,0,0,2.08333333333,0,3,C:/Users/ibshi/Desktop/startup.ml/video_stuff/accident_videos/png/image28_24.png,acc28_0.avi
0,1,0,0,2.08333333333,0,4,C:/Users/ibshi/Desktop/startup.ml/video_stuff/accident_videos/png/image28_36.png,acc28_0.avi
0,1,1,0,2.08333333333,0,5,C:/Users/ibshi/Desktop/startup.ml/video_stuff/accident_videos/png/image28_48.png,acc28_0.avi
0,1,0,0,2.08333333333,0,6,C:/Users/ibshi/Desktop/startup.ml/video_stuff/accident_videos/png/image28_60.png,acc28_0.avi
0,1,0,0,2.08333333333,0,7,C:/Users/ibshi/Desktop/startup.ml/video_stuff/accident_videos/png/image28_72.png,acc28_0.avi
0,1,0,0,2.08333333333,0,8,C:/Users/ibshi/Desktop/startup.ml/video_stuff/accident_videos/png/image28_84.png,acc28_0.avi
0,1,0,0,2.08333333333,0,9,C:/Users/ibshi/Desktop/startup.ml/video_stuff/accident_videos/png/image28_96.png,acc28_0.avi
0,1,0,0,2.08333333333,0,10,C:/Users/ibshi/Desktop/startup.ml/video_stuff/accident_videos/png/image28_108.png,acc28_0.avi
0,1,0,0,2.08333333333,0,1,C:/Users/ibshi/Desktop/startup.ml/video_stuff/accident_videos/png/image29_0.png,acc29_0.avi
0,1,0,0,2.08333333333,0,2,C:/Users/ibshi/Desktop/startup.ml/video_stuff/accident_videos/png/image29_12.png,acc29_0.avi
0,1,0,0,2.08333333333,0,3,C:/Users/ibshi/Desktop/startup.ml/video_stuff/accident_videos/png/image29_24.png,acc29_0.avi
0,1,0,0,2.08333333333,0,4,C:/Users/ibshi/Desktop/startup.ml/video_stuff/accident_videos/png/image29_36.png,acc29_0.avi
0,1,0,0,2.08333333333,0,5,C:/Users/ibshi/Desktop/startup.ml/video_stuff/accident_videos/png/image29_48.png,acc29_0.avi
0,1,0,0,2.08333333333,0,6,C:/Users/ibshi/Desktop/startup.ml/video_stuff/accident_videos/png/image29_60.png,acc29_0.avi
0,1,1,0,2.08333333333,0,7,C:/Users/ibshi/Desktop/startup.ml/video_stuff/accident_videos/png/image29_72.png,acc29_0.avi
0,1,0,0,2.08333333333,0,8,C:/Users/ibshi/Desktop/startup.ml/video_stuff/accident_videos/png/image29_84.png,acc29_0.avi
0,1,0,1,2.08333333333,0,9,C:/Users/ibshi/Desktop/startup.ml/video_stuff/accident_videos/png/image29_96.png,acc29_0.avi
0,1,0,0,2.08333333333,0,10,C:/Users/ibshi/Desktop/startup.ml/video_stuff/accident_videos/png/image29_108.png,acc29_0.avi
0,1,0,0,2.08333333333,0,1,C:/Users/ibshi/Desktop/startup.ml/video_stuff/accident_videos/png/image30_0.png,acc30_0.avi
0,1,0,0,2.08333333333,0,2,C:/Users/ibshi/Desktop/startup.ml/video_stuff/accident_videos/png/image30_12.png,acc30_0.avi
0,1,0,0,2.08333333333,0,3,C:/Users/ibshi/Desktop/startup.ml/video_stuff/accident_videos/png/image30_24.png,acc30_0.avi
0,1,0,0,2.08333333333,0,4,C:/Users/ibshi/Desktop/startup.ml/video_stuff/accident_videos/png/image30_36.png,acc30_0.avi
0,1,0,0,2.08333333333,0,5,C:/Users/ibshi/Desktop/startup.ml/video_stuff/accident_videos/png/image30_48.png,acc30_0.avi
0,1,0,0,2.08333333333,0,6,C:/Users/ibshi/Desktop/startup.ml/video_stuff/accident_videos/png/image30_60.png,acc30_0.avi
0,1,0,0,2.08333333333,0,7,C:/Users/ibshi/Desktop/startup.ml/video_stuff/accident_videos/png/image30_72.png,acc30_0.avi
0,1,0,0,2.08333333333,0,8,C:/Users/ibshi/Desktop/startup.ml/video_stuff/accident_videos/png/image30_84.png,acc30_0.avi
0,1,1,0,2.08333333333,0,9,C:/Users/ibshi/Desktop/startup.ml/video_stuff/accident_videos/png/image30_96.png,acc30_0.avi
0,1,0,0,2.08333333333,0,10,C:/Users/ibshi/Desktop/startup.ml/video_stuff/accident_videos/png/image30_108.png,acc30_0.avi
0,1,0,0,2.08333333333,0,1,C:/Users/ibshi/Desktop/startup.ml/video_stuff/accident_videos/png/image31_0.png,acc31_0.avi
0,1,0,0,2.08333333333,0,2,C:/Users/ibshi/Desktop/startup.ml/video_stuff/accident_videos/png/image31_12.png,acc31_0.avi
0,1,0,0,2.08333333333,0,3,C:/Users/ibshi/Desktop/startup.ml/video_stuff/accident_videos/png/image31_24.png,acc31_0.avi
0,1,1,0,2.08333333333,0,4,C:/Users/ibshi/Desktop/startup.ml/video_stuff/accident_videos/png/image31_36.png,acc31_0.avi
0,1,0,0,2.08333333333,0,5,C:/Users/ibshi/Desktop/startup.ml/video_stuff/accident_videos/png/image31_48.png,acc31_0.avi
0,1,0,0,2.08333333333,0,6,C:/Users/ibshi/Desktop/startup.ml/video_stuff/accident_videos/png/image31_60.png,acc31_0.avi
0,1,0,0,2.08333333333,0,7,C:/Users/ibshi/Desktop/startup.ml/video_stuff/accident_videos/png/image31_72.png,acc31_0.avi
0,1,0,0,2.08333333333,0,8,C:/Users/ibshi/Desktop/startup.ml/video_stuff/accident_videos/png/image31_84.png,acc31_0.avi
0,1,0,0,2.08333333333,0,9,C:/Users/ibshi/Desktop/startup.ml/video_stuff/accident_videos/png/image31_96.png,acc31_0.avi
0,1,0,0,2.08333333333,0,10,C:/Users/ibshi/Desktop/startup.ml/video_stuff/accident_videos/png/image31_108.png,acc31_0.avi
0,1,0,0,2.08333333333,0,1,C:/Users/ibshi/Desktop/startup.ml/video_stuff/accident_videos/png/image32_0.png,acc32_0.avi
0,1,0,0,2.08333333333,0,2,C:/Users/ibshi/Desktop/startup.ml/video_stuff/accident_videos/png/image32_12.png,acc32_0.avi
0,1,0,0,2.08333333333,0,3,C:/Users/ibshi/Desktop/startup.ml/video_stuff/accident_videos/png/image32_24.png,acc32_0.avi
0,1,0,0,2.08333333333,0,4,C:/Users/ibshi/Desktop/startup.ml/video_stuff/accident_videos/png/image32_36.png,acc32_0.avi
0,1,1,0,2.08333333333,0,5,C:/Users/ibshi/Desktop/startup.ml/video_stuff/accident_videos/png/image32_48.png,acc32_0.avi
0,1,0,0,2.08333333333,0,6,C:/Users/ibshi/Desktop/startup.ml/video_stuff/accident_videos/png/image32_60.png,acc32_0.avi
0,1,0,0,2.08333333333,0,7,C:/Users/ibshi/Desktop/startup.ml/video_stuff/accident_videos/png/image32_72.png,acc32_0.avi
0,1,0,0,2.08333333333,0,8,C:/Users/ibshi/Desktop/startup.ml/video_stuff/accident_videos/png/image32_84.png,acc32_0.avi
0,1,0,0,2.08333333333,0,9,C:/Users/ibshi/Desktop/startup.ml/video_stuff/accident_videos/png/image32_96.png,acc32_0.avi
0,1,0,1,2.08333333333,0,10,C:/Users/ibshi/Desktop/startup.ml/video_stuff/accident_videos/png/image32_108.png,acc32_0.avi
0,1,0,0,2.08333333333,0,1,C:/Users/ibshi/Desktop/startup.ml/video_stuff/accident_videos/png/image33_0.png,acc33_0.avi
0,1,0,0,2.08333333333,0,2,C:/Users/ibshi/Desktop/startup.ml/video_stuff/accident_videos/png/image33_12.png,acc33_0.avi
0,1,0,0,2.08333333333,0,3,C:/Users/ibshi/Desktop/startup.ml/video_stuff/accident_videos/png/image33_24.png,acc33_0.avi
0,1,0,0,2.08333333333,0,4,C:/Users/ibshi/Desktop/startup.ml/video_stuff/accident_videos/png/image33_36.png,acc33_0.avi
0,1,0,0,2.08333333333,0,5,C:/Users/ibshi/Desktop/startup.ml/video_stuff/accident_videos/png/image33_48.png,acc33_0.avi
0,1,0,0,2.08333333333,0,6,C:/Users/ibshi/Desktop/startup.ml/video_stuff/accident_videos/png/image33_60.png,acc33_0.avi
0,1,1,0,2.08333333333,0,7,C:/Users/ibshi/Desktop/startup.ml/video_stuff/accident_videos/png/image33_72.png,acc33_0.avi
0,1,0,0,2.08333333333,0,8,C:/Users/ibshi/Desktop/startup.ml/video_stuff/accident_videos/png/image33_84.png,acc33_0.avi
0,1,0,0,2.08333333333,0,9,C:/Users/ibshi/Desktop/startup.ml/video_stuff/accident_videos/png/image33_96.png,acc33_0.avi
0,1,0,0,2.08333333333,0,10,C:/Users/ibshi/Desktop/startup.ml/video_stuff/accident_videos/png/image33_108.png,acc33_0.avi
0,1,0,0,2.08333333333,0,1,C:/Users/ibshi/Desktop/startup.ml/video_stuff/accident_videos/png/image34_0.png,acc34_0.avi
0,1,0,0,2.08333333333,0,2,C:/Users/ibshi/Desktop/startup.ml/video_stuff/accident_videos/png/image34_12.png,acc34_0.avi
0,1,0,0,2.08333333333,0,3,C:/Users/ibshi/Desktop/startup.ml/video_stuff/accident_videos/png/image34_24.png,acc34_0.avi
0,1,0,0,2.08333333333,0,4,C:/Users/ibshi/Desktop/startup.ml/video_stuff/accident_videos/png/image34_36.png,acc34_0.avi
0,1,0,0,2.08333333333,0,5,C:/Users/ibshi/Desktop/startup.ml/video_stuff/accident_videos/png/image34_48.png,acc34_0.avi
0,1,1,0,2.08333333333,0,6,C:/Users/ibshi/Desktop/startup.ml/video_stuff/accident_videos/png/image34_60.png,acc34_0.avi
0,1,0,0,2.08333333333,0,7,C:/Users/ibshi/Desktop/startup.ml/video_stuff/accident_videos/png/image34_72.png,acc34_0.avi
0,1,0,0,2.08333333333,0,8,C:/Users/ibshi/Desktop/startup.ml/video_stuff/accident_videos/png/image34_84.png,acc34_0.avi
0,1,0,0,2.08333333333,0,9,C:/Users/ibshi/Desktop/startup.ml/video_stuff/accident_videos/png/image34_96.png,acc34_0.avi
0,1,0,1,2.08333333333,0,10,C:/Users/ibshi/Desktop/startup.ml/video_stuff/accident_videos/png/image34_108.png,acc34_0.avi
0,1,0,0,2.08333333333,0,1,C:/Users/ibshi/Desktop/startup.ml/video_stuff/accident_videos/png/image35_0.png,acc35_0.avi
0,1,0,0,2.08333333333,0,2,C:/Users/ibshi/Desktop/startup.ml/video_stuff/accident_videos/png/image35_12.png,acc35_0.avi
0,1,1,0,2.08333333333,0,3,C:/Users/ibshi/Desktop/startup.ml/video_stuff/accident_videos/png/image35_24.png,acc35_0.avi
0,1,0,0,2.08333333333,0,4,C:/Users/ibshi/Desktop/startup.ml/video_stuff/accident_videos/png/image35_36.png,acc35_0.avi
0,1,0,0,2.08333333333,0,5,C:/Users/ibshi/Desktop/startup.ml/video_stuff/accident_videos/png/image35_48.png,acc35_0.avi
0,1,0,0,2.08333333333,0,6,C:/Users/ibshi/Desktop/startup.ml/video_stuff/accident_videos/png/image35_60.png,acc35_0.avi
0,1,0,0,2.08333333333,0,7,C:/Users/ibshi/Desktop/startup.ml/video_stuff/accident_videos/png/image35_72.png,acc35_0.avi
0,1,0,1,2.08333333333,0,8,C:/Users/ibshi/Desktop/startup.ml/video_stuff/accident_videos/png/image35_84.png,acc35_0.avi
0,1,0,0,2.08333333333,0,9,C:/Users/ibshi/Desktop/startup.ml/video_stuff/accident_videos/png/image35_96.png,acc35_0.avi
0,1,0,0,2.08333333333,0,10,C:/Users/ibshi/Desktop/startup.ml/video_stuff/accident_videos/png/image35_108.png,acc35_0.avi
0,1,0,0,2.14071428571,0,1,C:/Users/ibshi/Desktop/startup.ml/video_stuff/accident_videos/png/image36_0.png,acc36_0.avi
0,1,0,0,2.14071428571,0,2,C:/Users/ibshi/Desktop/startup.ml/video_stuff/accident_videos/png/image36_14.png,acc36_0.avi
0,1,0,0,2.14071428571,0,3,C:/Users/ibshi/Desktop/startup.ml/video_stuff/accident_videos/png/image36_28.png,acc36_0.avi
0,1,0,0,2.14071428571,0,4,C:/Users/ibshi/Desktop/startup.ml/video_stuff/accident_videos/png/image36_42.png,acc36_0.avi
0,1,0,0,2.14071428571,0,5,C:/Users/ibshi/Desktop/startup.ml/video_stuff/accident_videos/png/image36_56.png,acc36_0.avi
0,1,1,0,2.14071428571,0,6,C:/Users/ibshi/Desktop/startup.ml/video_stuff/accident_videos/png/image36_70.png,acc36_0.avi
0,1,0,0,2.14071428571,0,7,C:/Users/ibshi/Desktop/startup.ml/video_stuff/accident_videos/png/image36_84.png,acc36_0.avi
0,1,0,0,2.14071428571,0,8,C:/Users/ibshi/Desktop/startup.ml/video_stuff/accident_videos/png/image36_98.png,acc36_0.avi
0,1,0,0,2.14071428571,0,9,C:/Users/ibshi/Desktop/startup.ml/video_stuff/accident_videos/png/image36_112.png,acc36_0.avi
0,1,0,0,2.14071428571,0,10,C:/Users/ibshi/Desktop/startup.ml/video_stuff/accident_videos/png/image36_126.png,acc36_0.avi
0,1,0,0,2.14071428571,0,1,C:/Users/ibshi/Desktop/startup.ml/video_stuff/accident_videos/png/image37_0.png,acc37_0.avi
0,1,0,0,2.14071428571,0,2,C:/Users/ibshi/Desktop/startup.ml/video_stuff/accident_videos/png/image37_14.png,acc37_0.avi
0,1,0,0,2.14071428571,0,3,C:/Users/ibshi/Desktop/startup.ml/video_stuff/accident_videos/png/image37_28.png,acc37_0.avi
0,1,0,0,2.14071428571,0,4,C:/Users/ibshi/Desktop/startup.ml/video_stuff/accident_videos/png/image37_42.png,acc37_0.avi
0,1,0,0,2.14071428571,0,5,C:/Users/ibshi/Desktop/startup.ml/video_stuff/accident_videos/png/image37_56.png,acc37_0.avi
0,1,0,0,2.14071428571,0,6,C:/Users/ibshi/Desktop/startup.ml/video_stuff/accident_videos/png/image37_70.png,acc37_0.avi
0,1,0,0,2.14071428571,0,7,C:/Users/ibshi/Desktop/startup.ml/video_stuff/accident_videos/png/image37_84.png,acc37_0.avi
0,1,0,0,2.14071428571,0,8,C:/Users/ibshi/Desktop/startup.ml/video_stuff/accident_videos/png/image37_98.png,acc37_0.avi
0,1,1,0,2.14071428571,0,9,C:/Users/ibshi/Desktop/startup.ml/video_stuff/accident_videos/png/image37_112.png,acc37_0.avi
0,1,0,1,2.14071428571,0,10,C:/Users/ibshi/Desktop/startup.ml/video_stuff/accident_videos/png/image37_126.png,acc37_0.avi
0,1,0,0,2.14071428571,0,1,C:/Users/ibshi/Desktop/startup.ml/video_stuff/accident_videos/png/image38_0.png,acc38_0.avi
0,1,0,0,2.14071428571,0,2,C:/Users/ibshi/Desktop/startup.ml/video_stuff/accident_videos/png/image38_14.png,acc38_0.avi
0,1,0,0,2.14071428571,0,3,C:/Users/ibshi/Desktop/startup.ml/video_stuff/accident_videos/png/image38_28.png,acc38_0.avi
0,1,0,0,2.14071428571,0,4,C:/Users/ibshi/Desktop/startup.ml/video_stuff/accident_videos/png/image38_42.png,acc38_0.avi
0,1,0,0,2.14071428571,0,5,C:/Users/ibshi/Desktop/startup.ml/video_stuff/accident_videos/png/image38_56.png,acc38_0.avi
0,1,1,0,2.14071428571,0,6,C:/Users/ibshi/Desktop/startup.ml/video_stuff/accident_videos/png/image38_70.png,acc38_0.avi
0,1,0,0,2.14071428571,0,7,C:/Users/ibshi/Desktop/startup.ml/video_stuff/accident_videos/png/image38_84.png,acc38_0.avi
0,1,0,0,2.14071428571,0,8,C:/Users/ibshi/Desktop/startup.ml/video_stuff/accident_videos/png/image38_98.png,acc38_0.avi
0,1,0,0,2.14071428571,0,9,C:/Users/ibshi/Desktop/startup.ml/video_stuff/accident_videos/png/image38_112.png,acc38_0.avi
0,1,0,1,2.14071428571,0,10,C:/Users/ibshi/Desktop/startup.ml/video_stuff/accident_videos/png/image38_126.png,acc38_0.avi
0,1,0,0,2.14071428571,0,1,C:/Users/ibshi/Desktop/startup.ml/video_stuff/accident_videos/png/image39_0.png,acc39_0.avi
0,1,0,0,2.14071428571,0,2,C:/Users/ibshi/Desktop/startup.ml/video_stuff/accident_videos/png/image39_14.png,acc39_0.avi
0,1,0,0,2.14071428571,0,3,C:/Users/ibshi/Desktop/startup.ml/video_stuff/accident_videos/png/image39_28.png,acc39_0.avi
0,1,0,0,2.14071428571,0,4,C:/Users/ibshi/Desktop/startup.ml/video_stuff/accident_videos/png/image39_42.png,acc39_0.avi
0,1,0,0,2.14071428571,0,5,C:/Users/ibshi/Desktop/startup.ml/video_stuff/accident_videos/png/image39_56.png,acc39_0.avi
0,1,0,0,2.14071428571,0,6,C:/Users/ibshi/Desktop/startup.ml/video_stuff/accident_videos/png/image39_70.png,acc39_0.avi
0,1,1,0,2.14071428571,0,7,C:/Users/ibshi/Desktop/startup.ml/video_stuff/accident_videos/png/image39_84.png,acc39_0.avi
0,1,0,0,2.14071428571,0,8,C:/Users/ibshi/Desktop/startup.ml/video_stuff/accident_videos/png/image39_98.png,acc39_0.avi
0,1,0,0,2.14071428571,0,9,C:/Users/ibshi/Desktop/startup.ml/video_stuff/accident_videos/png/image39_112.png,acc39_0.avi
0,1,0,0,2.14071428571,0,10,C:/Users/ibshi/Desktop/startup.ml/video_stuff/accident_videos/png/image39_126.png,acc39_0.avi
0,1,0,0,2.14071428571,0,1,C:/Users/ibshi/Desktop/startup.ml/video_stuff/accident_videos/png/image40_0.png,acc40_0.avi
0,1,0,0,2.14071428571,0,2,C:/Users/ibshi/Desktop/startup.ml/video_stuff/accident_videos/png/image40_14.png,acc40_0.avi
0,1,1,0,2.14071428571,0,3,C:/Users/ibshi/Desktop/startup.ml/video_stuff/accident_videos/png/image40_28.png,acc40_0.avi
0,1,0,0,2.14071428571,0,4,C:/Users/ibshi/Desktop/startup.ml/video_stuff/accident_videos/png/image40_42.png,acc40_0.avi
0,1,0,0,2.14071428571,0,5,C:/Users/ibshi/Desktop/startup.ml/video_stuff/accident_videos/png/image40_56.png,acc40_0.avi
0,1,0,0,2.14071428571,0,6,C:/Users/ibshi/Desktop/startup.ml/video_stuff/accident_videos/png/image40_70.png,acc40_0.avi
0,1,0,0,2.14071428571,0,7,C:/Users/ibshi/Desktop/startup.ml/video_stuff/accident_videos/png/image40_84.png,acc40_0.avi
0,1,0,0,2.14071428571,0,8,C:/Users/ibshi/Desktop/startup.ml/video_stuff/accident_videos/png/image40_98.png,acc40_0.avi
0,1,0,0,2.14071428571,0,9,C:/Users/ibshi/Desktop/startup.ml/video_stuff/accident_videos/png/image40_112.png,acc40_0.avi
0,1,0,0,2.14071428571,0,10,C:/Users/ibshi/Desktop/startup.ml/video_stuff/accident_videos/png/image40_126.png,acc40_0.avi
